Module,Feature,Status,Confidence,Technical Details,Action Required
Authentication,Sign Up & Login,Fully Implemented,High,"Uses Supabase Auth & Context. Profiles auto-sync to 'profiles' table.","None. Ready for production."
Authentication,Business vs Public Profiles,Fully Implemented,High,"Distinct wizards and data structures for different user types.","None."
Event Creation,Wizard Steps 1-4,Fully Implemented,High,"Details, Design, Registration, Launch steps are functional.","None."
Event Creation,Design Studio,Fully Implemented,High,"WYSIWYG editor working. Saves branding/layout to DB.","Maintain current stability."
Networking,Meeting Booking System,Fully Implemented,High,"'BookMeetingModal' handles Virtual (video link) & In-Person (location/session) meetings. Writes to 'b2b_meetings'.","Monitor usage."
Event Dashboard,Overview & Metrics,Fully Implemented,Medium,"Fetches real tickets sold, revenue, speakers. Health score logic is active.","Expand analytics depth."
Registration,Free Ticket Flow,Fully Implemented,High,"Registration supports both authenticated and Guest (email-based) users.","None."
Registration,Paid Ticket Flow,Partial,Low,"UI exists but NO Payment Gateway (Stripe) integration. Ticket simulation only.","CRITICAL: Implement Payment Gateway."
Registration,Ticket Management,Fully Implemented,High,"Fetches real tickets. High-end public view with benefits list. Integrated with registration flow.","None."
Sponsorship,Inquiry & Package System,Fully Implemented,High,"Dynamic fetching from settings. Dedicated conversion page with IBAN/SWIFT instructions. Dashboard lead management wired.","None."
Logistics,Freight Calculator,Fully Implemented,High,"Integrated with /api/freight-export backend. Logic handles Air/Sea/Road modes.","None."
Logistics,Load Calculator,Fully Implemented,High,"Integrated with /api/load-calc backend. Calculates container utilization based on cargo dims.","None."
Logistics,Container Shipping,Fully Implemented,High,"Integrated with /api/ports and /api/quote backends. Features distance-based quoting.","None."
Access Control,RBAC (Roles),Fully Implemented,High,"Policies permit public guest registration while securing account-based features.","Monitor RLS logs for edge cases."
Community,Messaging Center,Fully Implemented,Medium,"Basic messaging wired.","Enhance real-time capabilities."
Marketplace,B2B Discovery,Partial,Medium,"UI ready, matching algorithm is basic.","Refine matching logic."
Admin,Global Reporting,Missing,High,"Deep analytics across all events are placeholders.","Build comprehensive Admin Dashboard."
Localization,Arabic & RTL support,Fully Implemented,High,"RTL engine active. Core UI translated (1500+ lines). Select options localized.","Translate remaining sub-pages."
Networking,Meeting Security (RLS),Fully Implemented,High,"Fixed RLS for event_b2b_meetings. Payload syncs attendee & profile IDs.","None."
Networking,Approval Workflow,Fully Implemented,High,"Meetings now default to 'pending' status requiring user action.","Monitor conversion rate."